--DROP DATABASE IF EXISTS osint_framework;

CREATE DATABASE osint_framework CHARACTER SET utf8mb4 COLLATE utf8mb4_general_ci;

USE osint_framework;

CREATE TABLE Source (
    name VARCHAR(50) NOT NULL,
    image_path VARCHAR(100) NOT NULL,
    type_source ENUM('Web', 'Programa')
);

CREATE TABLE Web_Url (
    web_url VARCHAR(100) NOT NULL,
    source_name VARCHAR(50) NOT NULL
);

CREATE TABLE Tag (
    tag_name VARCHAR(50) NOT NULL
);

CREATE TABLE Web_Url_Puede_Buscar_Tag (
    web_url VARCHAR(100) NOT NULL,
    tag_name VARCHAR(50) NOT NULL
);

CREATE TABLE Web_Url_Puede_Obtener_Tag (
    web_url VARCHAR(100) NOT NULL,
    tag_name VARCHAR(50) NOT NULL
);

-- Alter
ALTER TABLE Source
ADD CONSTRAINT pk_source PRIMARY KEY (name)
;

ALTER TABLE Web_Url
ADD CONSTRAINT pk_webUrl PRIMARY KEY (web_url),
ADD CONSTRAINT fk_webUrl_sourceName FOREIGN KEY (source_name) REFERENCES Source(name)
;

ALTER TABLE Tag
ADD CONSTRAINT pk_tag PRIMARY KEY (tag_name)
;

ALTER TABLE Web_Url_Puede_Buscar_Tag
ADD CONSTRAINT pk_webUrlPuedeBuscarTag PRIMARY KEY (web_url, tag_name),
ADD CONSTRAINT fk_webUrlPuedeBuscarTag_webUrl FOREIGN KEY (web_url) REFERENCES Web_Url(web_url),
ADD CONSTRAINT fk_webUrlPuedeBuscarTag_tagName FOREIGN KEY (tag_name) REFERENCES Tag(tag_name)
;

ALTER TABLE Web_Url_Puede_Obtener_Tag
ADD CONSTRAINT pk_webUrlPuedeObtenerTag PRIMARY KEY (web_url, tag_name),
ADD CONSTRAINT fk_webUrlPuedeObtenerTag_webUrl FOREIGN KEY (web_url) REFERENCES Web_Url(web_url),
ADD CONSTRAINT fk_webUrlPuedeObtenerTag_tagName FOREIGN KEY (tag_name) REFERENCES Tag(tag_name)
;

-- Vistas
CREATE VIEW V_Source_Web_Url_Tag AS
SELECT s.name, w.web_url, s.image_path, s.type_source, wpb.tag_name AS "puede_buscar", wpo.tag_name AS "puede_obtener"
FROM Source s JOIN Web_Url w ON s.name = w.source_name JOIN Web_Url_Puede_Buscar_Tag wpb ON w.web_url = wpb.web_url JOIN Web_Url_Puede_Obtener_Tag wpo ON w.web_url = wpo.web_url
;-- Tag
INSERT INTO Tag (tag_name) VALUES
('Nombre y/o apellidos'),
('Correo'),
('Teléfono'),
('DNS'),
('URL'),
('IP'),
('CIDR'),
('Dirección de BITCOIN'),
('Data Leaks'),
('Información de Persona'),
('Dirección'),
('Ciudad'),
('Código Postal'),
('VIN'),
('Nombre de Empresa'),
('Imagen'),
('Archivo'),
('Usuario'),
('Contraseña'),
('Metadatos')
;

-- Source
INSERT INTO Source (name, image_path, type_source) VALUES
('Intelligence X', '/assets/img/intelligence.x/intelligence-x.png', 'Web'),
('Have I Been Pwned', '/assets/img/haveibeenpwned/haveibeenpwned.ico', 'Web'),
('Hunter.io', '/assets/img/hunter.io/hunter-io.ico', 'Web'),
('BigDomainData', '/assets/img/bigdomaindata/bigdomaindata.png', 'Web'),
('Webmii', '/assets/img/webmii/webmii.png', 'Web'),
('Thats Them', '/assets/img/thatsthem/thatsthem.png', 'Web'),
('Num Lookup', '/assets/img/numlookup/numlookup.ico', 'Web'),
('True Caller', '/assets/img/truecaller/truecaller.png', 'Web'),
('Telexplorer', '/assets/img/none.png', 'Web'),
('ABC Telefonos', '/assets/img/abctelefonos/abctelefonos.png', 'Web'),
('Namechk', '/assets/img/namechk/namechk.png', 'Web'),
('WhatsMyName', '/assets/img/none.png', 'Web'),
('NameCheckup', '/assets/img/namecheckup/namecheckup.png', 'Web'),
('Google', '/assets/img/google/google.png', 'Web'),
('Bing', '/assets/img/bing/bing.png', 'Web'),
('Yandex', '/assets/img/yandex/yandex.png', 'Web'),
('Baidu', '/assets/img/baidu/baidu.ico', 'Web'),
('TinEye', '/assets/img/tineye/tineye.ico', 'Web'),
('Uvrx', '/assets/img/uvrx/uvrx.ico', 'Web'),
('All The Internet', '/assets/img/alltheinternet/alltheinternet.png', 'Web'),
('WebCrawler', '/assets/img/webcrawler/webcrawler.ico', 'Web'),
('Shodan', '/assets/img/shodan/shodan.png', 'Web'),
('ZoomEye', '/assets/img/zoomeye/zoomeye.ico', 'Web'),
('Censys', '/assets/img/censys/censys.ico', 'Web'),
('FOCA', '/assets/img/foca/foca.jpg', 'Programa'),
('Metagoofil', '/assets/img/github/github.png', 'Programa'),
('Fierce', '/assets/img/github/github.png', 'Programa'),
('Spyse', '/assets/img/github/github.png', 'Programa'),
('CTFR', '/assets/img/github/github.png', 'Programa'),
('DNS Dumpster', '/assets/img/dnsdumpster/dnsdumpster.ico', 'Web'),
('Central Ops', '/assets/img/none.png', 'Web'),
('Recon-ng', '/assets/img/github/github.png', 'Programa'),
('TheHarvester', '/assets/img/theharvester/theharvester.png', 'Programa'),
('SpiderFoot', '/assets/img/spiderfoot/spiderfoot.png', 'Programa'),
('Snitch', '/assets/img/github/github.png', 'Programa'),
('Email2PhoneNumber', '/assets/img/github/github.png', 'Programa')
;

-- Web_Url
INSERT INTO Web_Url (web_url, source_name) VALUES
('https://intelx.io', 'Intelligence X'),
('https://intelx.io/tools?tab=email', 'Intelligence X'),
('https://intelx.io/tools?tab=domain', 'Intelligence X'),
('https://intelx.io/tools?tab=ip', 'Intelligence X'),
('https://intelx.io/tools?tab=bitcoin', 'Intelligence X'),
('https://intelx.io/tools?tab=image', 'Intelligence X'),
('https://intelx.io/tools?tab=username', 'Intelligence X'),
('https://intelx.io/tools?tab=person', 'Intelligence X'),
('https://intelx.io/tools?tab=telephone', 'Intelligence X'),
('https://intelx.io/tools?tab=vin', 'Intelligence X'),
('https://phonebook.cz', 'Intelligence X'),
('https://haveibeenpwned.com', 'Have I Been Pwned'),
('https://haveibeenpwned.com/Passwords', 'Have I Been Pwned'),
('https://hunter.io/search', 'Hunter.io'),
('https://hunter.io/find', 'Hunter.io'),
('https://www.bigdomaindata.com', 'BigDomainData'),
('https://webmii.com', 'Webmii'),
('https://thatsthem.com/people-search', 'Thats Them'),
('https://thatsthem.com/reverse-address-lookup', 'Thats Them'),
('https://thatsthem.com/reverse-phone-lookup', 'Thats Them'),
('https://thatsthem.com/reverse-email-lookup', 'Thats Them'),
('https://thatsthem.com/reverse-ip-lookup', 'Thats Them'),
('https://thatsthem.com/vin-lookup', 'Thats Them'),
('https://www.numlookup.com', 'Num Lookup'),
('https://www.numlookup.com/people-search', 'Num Lookup'),
('https://www.numlookup.com/reverse-image-search', 'Num Lookup'),
('https://www.truecaller.com/es-la', 'True Caller'),
('https://www.telexplorer.com.es', 'Telexplorer'),
('https://www.abctelefonos.com', 'ABC Telefonos'),
('https://namechk.com', 'Namechk'),
('https://whatsmyname.app', 'WhatsMyName'),
('https://namecheckup.com', 'NameCheckup'),
('https://images.google.com', 'Google'),
('https://www.bing.com/?setlang=es', 'Bing'),
('https://yandex.com/images/?utm_source=yandex&utm_medium=com&utm_campaign=morda', 'Yandex'),
('https://tineye.com', 'TinEye'),
('http://www.uvrx.com/es', 'Uvrx'),
('https://www.alltheinternet.com', 'All The Internet'),
('https://www.webcrawler.com', 'WebCrawler'),
('https://www.webcrawler.com/?qc=images&sc=BDrdidLFmd8C20', 'WebCrawler'),
('https://www.shodan.io', 'Shodan'),
('https://www.zoomeye.hk', 'ZoomEye'),
('https://search.censys.io', 'Censys'),
('https://github.com/ElevenPaths/FOCA', 'FOCA'),
('https://github.com/opsdisk/metagoofil', 'Metagoofil'),
('https://github.com/mschwager/fierce', 'Fierce'),
('https://github.com/zeropwn/spyse.py', 'Spyse'),
('https://github.com/UnaPibaGeek/ctfr', 'CTFR'),
('https://dnsdumpster.com', 'DNS Dumpster'),
('https://centralops.net/co', 'Central Ops'),
('https://github.com/lanmaster53/recon-ng', 'Recon-ng'),
('https://github.com/laramies/theHarvester', 'TheHarvester'),
('https://github.com/smicallef/spiderfoot', 'SpiderFoot'),
('https://github.com/Smaash/snitch', 'Snitch'),
('https://github.com/martinvigo/email2phonenumber', 'Email2PhoneNumber')
;

-- Web_Url_Puede_Buscar_Tag
INSERT INTO Web_Url_Puede_Buscar_Tag (web_url, tag_name) VALUES
('https://intelx.io', 'Correo'),
('https://intelx.io', 'URL'),
('https://intelx.io', 'IP'),
('https://intelx.io', 'CIDR'),
('https://intelx.io', 'Dirección de BITCOIN'),
('https://intelx.io/tools?tab=email', 'Correo'),
('https://intelx.io/tools?tab=domain', 'DNS'),
('https://intelx.io/tools?tab=ip', 'IP'),
('https://intelx.io/tools?tab=bitcoin', 'Dirección de BITCOIN'),
('https://intelx.io/tools?tab=image', 'Imagen'),
('https://intelx.io/tools?tab=username', 'Usuario'),
('https://intelx.io/tools?tab=person', 'Nombre y/o apellidos'),
('https://intelx.io/tools?tab=telephone', 'Teléfono'),
('https://intelx.io/tools?tab=vin', 'VIN'),
('https://phonebook.cz', 'DNS'),
('https://haveibeenpwned.com', 'Correo'),
('https://haveibeenpwned.com/Passwords', 'Contraseña'),
('https://hunter.io/search', 'DNS'),
('https://hunter.io/search', 'Nombre de Empresa'),
('https://hunter.io/find', 'Nombre y/o apellidos'),
('https://hunter.io/find', 'Información de Persona'),
('https://hunter.io/find', 'DNS'),
('https://www.bigdomaindata.com', 'DNS'),
('https://www.bigdomaindata.com', 'Teléfono'),
('https://www.bigdomaindata.com', 'Correo'),
('https://www.bigdomaindata.com', 'Nombre y/o apellidos'),
('https://webmii.com', 'Nombre y/o apellidos'),
('https://thatsthem.com/people-search', 'Nombre y/o apellidos'),
('https://thatsthem.com/reverse-address-lookup', 'Dirección'),
('https://thatsthem.com/reverse-address-lookup', 'Ciudad'),
('https://thatsthem.com/reverse-address-lookup', 'Código Postal'),
('https://thatsthem.com/reverse-phone-lookup', 'Teléfono'),
('https://thatsthem.com/reverse-email-lookup', 'Correo'),
('https://thatsthem.com/reverse-ip-lookup', 'IP'),
('https://thatsthem.com/vin-lookup', 'VIN'),
('https://www.numlookup.com', 'Teléfono'),
('https://www.numlookup.com/people-search', 'Nombre y/o apellidos'),
('https://www.numlookup.com/reverse-image-search', 'Imagen'),
('https://www.truecaller.com/es-la', 'Teléfono'),
('https://www.telexplorer.com.es', 'Teléfono'),
('https://www.abctelefonos.com', 'Nombre de Empresa'),
('https://namechk.com', 'Nombre de Empresa'),
('https://namechk.com', 'Usuario'),
('https://whatsmyname.app', 'Usuario'),
('https://namecheckup.com', 'Usuario'),
('https://images.google.com', 'Imagen'),
('https://www.bing.com/?setlang=es', 'Imagen'),
('https://yandex.com/images/?utm_source=yandex&utm_medium=com&utm_campaign=morda', 'Usuario'),
('https://yandex.com/images/?utm_source=yandex&utm_medium=com&utm_campaign=morda', 'Imagen'),
('https://tineye.com', 'Imagen'),
('http://www.uvrx.com/es', 'Nombre y/o apellidos'),
('http://www.uvrx.com/es', 'Usuario'),
('https://www.alltheinternet.com', 'Nombre y/o apellidos'),
('https://www.alltheinternet.com', 'Usuario'),
('https://www.webcrawler.com', 'Nombre y/o apellidos'),
('https://www.webcrawler.com', 'Usuario'),
('https://www.webcrawler.com/?qc=images&sc=BDrdidLFmd8C20', 'Usuario'),
('https://www.shodan.io', 'IP'),
('https://www.zoomeye.hk', 'IP'),
('https://search.censys.io', 'IP'),
('https://github.com/ElevenPaths/FOCA', 'Archivo'),
('https://github.com/ElevenPaths/FOCA', 'DNS'),
('https://github.com/opsdisk/metagoofil', 'Archivo'),
('https://github.com/mschwager/fierce', 'DNS'),
('https://github.com/zeropwn/spyse.py', 'DNS'),
('https://github.com/UnaPibaGeek/ctfr', 'DNS'),
('https://dnsdumpster.com', 'DNS'),
('https://centralops.net/co', 'DNS'),
('https://github.com/laramies/theHarvester', 'DNS'),
('https://github.com/laramies/theHarvester', 'Usuario'),
('https://github.com/smicallef/spiderfoot', 'DNS'),
('https://github.com/smicallef/spiderfoot', 'IP'),
('https://github.com/smicallef/spiderfoot', 'Correo'),
('https://github.com/smicallef/spiderfoot', 'Dirección de BITCOIN'),
('https://github.com/smicallef/spiderfoot', 'Usuario'),
('https://github.com/smicallef/spiderfoot', 'Teléfono'),
('https://github.com/Smaash/snitch', 'DNS'),
('https://github.com/martinvigo/email2phonenumber', 'Correo')
;

-- Web_Url_Puede_Obtener_Tag
INSERT INTO Web_Url_Puede_Obtener_Tag (web_url, tag_name) VALUES
('https://intelx.io', 'Correo'),
('https://intelx.io', 'IP'),
('https://intelx.io', 'DNS'),
('https://intelx.io', 'Usuario'),
('https://intelx.io', 'Contraseña'),
('https://intelx.io', 'Data Leaks'),
('https://intelx.io/tools?tab=email', 'Correo'),
('https://intelx.io/tools?tab=email', 'IP'),
('https://intelx.io/tools?tab=email', 'DNS'),
('https://intelx.io/tools?tab=email', 'Usuario'),
('https://intelx.io/tools?tab=email', 'Contraseña'),
('https://intelx.io/tools?tab=email', 'Data Leaks'),
('https://intelx.io/tools?tab=domain', 'Correo'),
('https://intelx.io/tools?tab=domain', 'IP'),
('https://intelx.io/tools?tab=domain', 'DNS'),
('https://intelx.io/tools?tab=domain', 'Usuario'),
('https://intelx.io/tools?tab=domain', 'Contraseña'),
('https://intelx.io/tools?tab=domain', 'Data Leaks'),
('https://intelx.io/tools?tab=ip', 'Correo'),
('https://intelx.io/tools?tab=ip', 'IP'),
('https://intelx.io/tools?tab=ip', 'DNS'),
('https://intelx.io/tools?tab=ip', 'Usuario'),
('https://intelx.io/tools?tab=ip', 'Contraseña'),
('https://intelx.io/tools?tab=ip', 'Data Leaks'),
('https://intelx.io/tools?tab=image', 'Correo'),
('https://intelx.io/tools?tab=image', 'IP'),
('https://intelx.io/tools?tab=image', 'DNS'),
('https://intelx.io/tools?tab=image', 'Usuario'),
('https://intelx.io/tools?tab=image', 'Contraseña'),
('https://intelx.io/tools?tab=image', 'Data Leaks'),
('https://intelx.io/tools?tab=username', 'Correo'),
('https://intelx.io/tools?tab=username', 'IP'),
('https://intelx.io/tools?tab=username', 'DNS'),
('https://intelx.io/tools?tab=username', 'Usuario'),
('https://intelx.io/tools?tab=username', 'Contraseña'),
('https://intelx.io/tools?tab=username', 'Data Leaks'),
('https://intelx.io/tools?tab=person', 'Correo'),
('https://intelx.io/tools?tab=person', 'IP'),
('https://intelx.io/tools?tab=person', 'DNS'),
('https://intelx.io/tools?tab=person', 'Usuario'),
('https://intelx.io/tools?tab=person', 'Contraseña'),
('https://intelx.io/tools?tab=person', 'Data Leaks'),
('https://intelx.io/tools?tab=telephone', 'Correo'),
('https://intelx.io/tools?tab=telephone', 'IP'),
('https://intelx.io/tools?tab=telephone', 'DNS'),
('https://intelx.io/tools?tab=telephone', 'Usuario'),
('https://intelx.io/tools?tab=telephone', 'Contraseña'),
('https://intelx.io/tools?tab=telephone', 'Data Leaks'),
('https://intelx.io/tools?tab=vin', 'Correo'),
('https://intelx.io/tools?tab=vin', 'IP'),
('https://intelx.io/tools?tab=vin', 'DNS'),
('https://intelx.io/tools?tab=vin', 'Usuario'),
('https://intelx.io/tools?tab=vin', 'Contraseña'),
('https://intelx.io/tools?tab=vin', 'Data Leaks'),
('https://phonebook.cz', 'DNS'),
('https://phonebook.cz', 'Correo'),
('https://phonebook.cz', 'URL'),
('https://haveibeenpwned.com', 'Data Leaks'),
('https://haveibeenpwned.com/Passwords', 'Data Leaks'),
('https://hunter.io/search', 'Correo'),
('https://hunter.io/search', 'URL'),
('https://hunter.io/find', 'Nombre y/o apellidos'),
('https://hunter.io/find', 'Información de Persona'),
('https://hunter.io/find', 'Correo'),
('https://www.bigdomaindata.com', 'DNS'),
('https://www.bigdomaindata.com', 'Teléfono'),
('https://www.bigdomaindata.com', 'Nombre y/o apellidos'),
('https://www.bigdomaindata.com', 'Información de Persona'),
('https://www.bigdomaindata.com', 'Código Postal'),
('https://www.bigdomaindata.com', 'Correo'),
('https://www.bigdomaindata.com', 'Ciudad'),
('https://webmii.com', 'Información de Persona'),
('https://thatsthem.com/people-search', 'Información de Persona'),
('https://thatsthem.com/reverse-address-lookup', 'Información de Persona'),
('https://thatsthem.com/reverse-phone-lookup', 'Información de Persona'),
('https://thatsthem.com/reverse-email-lookup', 'Información de Persona'),
('https://thatsthem.com/reverse-ip-lookup', 'Información de Persona'),
('https://thatsthem.com/vin-lookup', 'Información de Persona'),
('https://www.numlookup.com', 'Nombre y/o apellidos'),
('https://www.numlookup.com', 'Información de Persona'),
('https://www.numlookup.com/people-search', 'Información de Persona'),
('https://www.numlookup.com/reverse-image-search', 'Información de Persona'),
('https://www.truecaller.com/es-la', 'Nombre y/o apellidos'),
('https://www.truecaller.com/es-la', 'Información de Persona'),
('https://www.telexplorer.com.es', 'Nombre y/o apellidos'),
('https://www.telexplorer.com.es', 'Información de Persona'),
('https://www.telexplorer.com.es', 'Dirección'),
('https://www.telexplorer.com.es', 'Ciudad'),
('https://www.abctelefonos.com', 'Teléfono'),
('https://www.abctelefonos.com', 'Dirección'),
('https://www.abctelefonos.com', 'Ciudad'),
('https://www.abctelefonos.com', 'Código Postal'),
('https://namechk.com', 'DNS'),
('https://whatsmyname.app', 'DNS'),
('https://whatsmyname.app', 'URL'),
('https://namecheckup.com', 'URL'),
('https://images.google.com', 'Imagen'),
('https://images.google.com', 'URL'),
('https://images.google.com', 'DNS'),
('https://www.bing.com/?setlang=es', 'Imagen'),
('https://www.bing.com/?setlang=es', 'URL'),
('https://www.bing.com/?setlang=es', 'DNS'),
('https://www.bing.com/?setlang=es', 'Información de Persona'),
('https://yandex.com/images/?utm_source=yandex&utm_medium=com&utm_campaign=morda', 'Imagen'),
('https://yandex.com/images/?utm_source=yandex&utm_medium=com&utm_campaign=morda', 'URL'),
('https://yandex.com/images/?utm_source=yandex&utm_medium=com&utm_campaign=morda', 'DNS'),
('https://yandex.com/images/?utm_source=yandex&utm_medium=com&utm_campaign=morda', 'Información de Persona'),
('https://tineye.com', 'Imagen'),
('https://tineye.com', 'URL'),
('https://tineye.com', 'DNS'),
('https://tineye.com', 'Información de Persona'),
('http://www.uvrx.com/es', 'URL'),
('http://www.uvrx.com/es', 'DNS'),
('http://www.uvrx.com/es', 'Información de Persona'),
('https://www.alltheinternet.com', 'URL'),
('https://www.alltheinternet.com', 'DNS'),
('https://www.alltheinternet.com', 'Información de Persona'),
('https://www.webcrawler.com', 'URL'),
('https://www.webcrawler.com', 'DNS'),
('https://www.webcrawler.com', 'Información de Persona'),
('https://www.webcrawler.com/?qc=images&sc=BDrdidLFmd8C20', 'Imagen'),
('https://www.webcrawler.com/?qc=images&sc=BDrdidLFmd8C20', 'URL'),
('https://www.webcrawler.com/?qc=images&sc=BDrdidLFmd8C20', 'DNS'),
('https://www.webcrawler.com/?qc=images&sc=BDrdidLFmd8C20', 'Información de Persona'),
('https://intelx.io/tools?tab=bitcoin', 'Imagen'),
('https://intelx.io/tools?tab=bitcoin', 'URL'),
('https://intelx.io/tools?tab=bitcoin', 'DNS'),
('https://intelx.io/tools?tab=bitcoin', 'Información de Persona'),
('https://www.shodan.io', 'DNS'),
('https://www.shodan.io', 'URL'),
('https://www.shodan.io', 'Ciudad'),
('https://www.shodan.io', 'Nombre de Empresa'),
('https://www.zoomeye.hk', 'DNS'),
('https://www.zoomeye.hk', 'URL'),
('https://www.zoomeye.hk', 'Ciudad'),
('https://search.censys.io', 'DNS'),
('https://search.censys.io', 'URL'),
('https://search.censys.io', 'Ciudad'),
('https://search.censys.io', 'Nombre de Empresa'),
('https://github.com/ElevenPaths/FOCA', 'Metadatos'),
('https://github.com/ElevenPaths/FOCA', 'DNS'),
('https://github.com/opsdisk/metagoofil', 'Metadatos'),
('https://github.com/mschwager/fierce', 'DNS'),
('https://github.com/mschwager/fierce', 'IP'),
('https://github.com/zeropwn/spyse.py', 'DNS'),
('https://github.com/UnaPibaGeek/ctfr', 'DNS'),
('https://dnsdumpster.com', 'DNS'),
('https://dnsdumpster.com', 'IP'),
('https://centralops.net/co', 'IP'),
('https://centralops.net/co', 'DNS'),
('https://github.com/laramies/theHarvester', 'DNS'),
('https://github.com/laramies/theHarvester', 'Correo'),
('https://github.com/laramies/theHarvester', 'IP'),
('https://github.com/smicallef/spiderfoot', 'IP'),
('https://github.com/smicallef/spiderfoot', 'DNS'),
('https://github.com/smicallef/spiderfoot', 'Correo'),
('https://github.com/smicallef/spiderfoot', 'Nombre y/o apellidos'),
('https://github.com/smicallef/spiderfoot', 'Información de Persona'),
('https://github.com/smicallef/spiderfoot', 'Dirección de BITCOIN'),
('https://github.com/Smaash/snitch', 'Archivo'),
('https://github.com/martinvigo/email2phonenumber', 'Teléfono')
;
